protein,split,n_train,n_test,mean,median,min,max,pct_gt90,pct_gt95,pct_gt99
alpha-amylase,by_mutation,3004,702,0.995267,0.995294,0.985882,0.997647,1.0,1.0,0.985755
alpha-amylase,close_to_far,1426,1924,0.990837,0.990588,0.978824,0.997647,1.0,1.0,0.709979
alpha-amylase,far_to_close,1924,1782,0.993121,0.992941,0.981176,0.997647,1.0,1.0,0.878788
alpha-amylase,one_to_many,2574,488,0.997647,0.997647,0.997647,0.997647,1.0,1.0,1.0
ired,two_to_many,3746,4178,0.990143,0.989655,0.951724,0.996552,1.0,1.0,0.497367
nucB,two_to_many,2088,48304,0.970853,0.978873,0.84507,0.992958,0.994265,0.844795,0.205697
trpB,by_position,39446,188852,0.995464,0.994859,0.992288,0.997429,1.0,1.0,1.0
trpB,one_to_many,304,227918,0.993503,0.992288,0.989717,0.997429,1.0,1.0,0.999473
trpB,two_to_many,10791,217507,0.995898,0.994859,0.994859,0.997429,1.0,1.0,1.0
